{"cameraMode":{"drawMode":0,"name":"Shaded","section":"Shading Mode"},"sceneLighting":false,"audioPlay":false,"sceneViewState":{"showFog":true,"showMaterialUpdate":false,"showSkybox":true,"showFlares":true,"showImageEffects":true,"showParticleSystems":true},"in2DMode":false,"pivot":{"x":9.93789291381836,"y":0.7781038284301758,"z":11.043030738830567},"rotation":{"x":-0.1537369340658188,"y":0.6668325066566467,"z":-0.1433924436569214,"w":-0.7149391770362854},"size":10.775498390197754,"orthographic":false}