{"cameraMode":{"drawMode":0,"name":"Shaded","section":"Shading Mode"},"sceneLighting":false,"audioPlay":false,"sceneViewState":{"showFog":true,"showMaterialUpdate":false,"showSkybox":true,"showFlares":true,"showImageEffects":true,"showParticleSystems":true},"in2DMode":false,"pivot":{"x":7.784132957458496,"y":-0.741291880607605,"z":16.01494789123535},"rotation":{"x":-0.10926129668951035,"y":0.3849320113658905,"z":-0.04595014080405235,"w":-0.9153021574020386},"size":14.832501411437989,"orthographic":false}