{"cameraMode":{"drawMode":0,"name":"Shaded","section":"Shading Mode"},"sceneLighting":false,"audioPlay":false,"sceneViewState":{"showFog":true,"showMaterialUpdate":false,"showSkybox":true,"showFlares":true,"showImageEffects":true,"showParticleSystems":true},"in2DMode":false,"pivot":{"x":7.065529823303223,"y":0.5493595600128174,"z":9.346637725830079},"rotation":{"x":-0.0483427420258522,"y":0.6640533208847046,"z":-0.04309749975800514,"w":-0.7448750734329224},"size":7.994821548461914,"orthographic":false}