{"cameraMode":{"drawMode":0,"name":"Shaded","section":"Shading Mode"},"sceneLighting":false,"audioPlay":false,"sceneViewState":{"showFog":true,"showMaterialUpdate":false,"showSkybox":true,"showFlares":true,"showImageEffects":true,"showParticleSystems":true},"in2DMode":false,"pivot":{"x":-4.228914737701416,"y":-3.6551613807678224,"z":-12.253206253051758},"rotation":{"x":-0.12464002519845963,"y":0.8130448460578919,"z":-0.18891999125480653,"w":-0.5364066958427429},"size":4.057884693145752,"orthographic":false}